TimePeriod,DonorType,Category,Value,Year,SurvivalRate
90 days,Deceased,Age,0-4,1996,81.6
90 days,Deceased,Age,0-4,1997,81.9
90 days,Deceased,Age,0-4,1998,96.7
90 days,Deceased,Age,0-4,1999,90.4
90 days,Deceased,Age,0-4,2000,86.9
90 days,Deceased,Age,0-4,2001,97
90 days,Deceased,Age,0-4,2002,85.9
90 days,Deceased,Age,0-4,2003,97.1
90 days,Deceased,Age,0-4,2004,95.2
90 days,Deceased,Age,0-4,2005,94.3
90 days,Deceased,Age,0-4,2006,97.1
90 days,Deceased,Age,0-4,2007,92.8
90 days,Deceased,Age,0-4,2008,91.6
90 days,Deceased,Age,0-4,2009,91.9
90 days,Deceased,Age,0-4,2010,100
90 days,Deceased,Age,0-4,2011,98.5
90 days,Deceased,Age,0-4,2012,95.1
90 days,Deceased,Age,05-9,1996,91.5
90 days,Deceased,Age,05-9,1997,96.8
90 days,Deceased,Age,05-9,1998,89.3
90 days,Deceased,Age,05-9,1999,86
90 days,Deceased,Age,05-9,2000,91.2
90 days,Deceased,Age,05-9,2001,98.2
90 days,Deceased,Age,05-9,2002,94.3
90 days,Deceased,Age,05-9,2003,95.6
90 days,Deceased,Age,05-9,2004,93
90 days,Deceased,Age,05-9,2005,97.3
90 days,Deceased,Age,05-9,2006,95.1
90 days,Deceased,Age,05-9,2007,93.5
90 days,Deceased,Age,05-9,2008,95.3
90 days,Deceased,Age,05-9,2009,95.3
90 days,Deceased,Age,05-9,2010,96.5
90 days,Deceased,Age,05-9,2011,98.6
90 days,Deceased,Age,05-9,2012,95.4
90 days,Deceased,Age,10-13,1996,90.6
90 days,Deceased,Age,10-13,1997,93.9
90 days,Deceased,Age,10-13,1998,91.7
90 days,Deceased,Age,10-13,1999,94.4
90 days,Deceased,Age,10-13,2000,98.5
90 days,Deceased,Age,10-13,2001,92.1
90 days,Deceased,Age,10-13,2002,96
90 days,Deceased,Age,10-13,2003,95.9
90 days,Deceased,Age,10-13,2004,98.9
90 days,Deceased,Age,10-13,2005,92.7
90 days,Deceased,Age,10-13,2006,95.1
90 days,Deceased,Age,10-13,2007,95.3
90 days,Deceased,Age,10-13,2008,97.1
90 days,Deceased,Age,10-13,2009,99
90 days,Deceased,Age,10-13,2010,95.2
90 days,Deceased,Age,10-13,2011,96.1
90 days,Deceased,Age,10-13,2012,95.9
90 days,Deceased,Age,14-17,1996,92.3
90 days,Deceased,Age,14-17,1997,95.1
90 days,Deceased,Age,14-17,1998,91
90 days,Deceased,Age,14-17,1999,91.7
90 days,Deceased,Age,14-17,2000,94.1
90 days,Deceased,Age,14-17,2001,96.1
90 days,Deceased,Age,14-17,2002,97.3
90 days,Deceased,Age,14-17,2003,95.6
90 days,Deceased,Age,14-17,2004,96.4
90 days,Deceased,Age,14-17,2005,97.1
90 days,Deceased,Age,14-17,2006,96.8
90 days,Deceased,Age,14-17,2007,97.6
90 days,Deceased,Age,14-17,2008,96.6
90 days,Deceased,Age,14-17,2009,96.9
90 days,Deceased,Age,14-17,2010,97.6
90 days,Deceased,Age,14-17,2011,98.2
90 days,Deceased,Age,14-17,2012,98.5
90 days,Deceased,Age,18-21,1996,88.3
90 days,Deceased,Age,18-21,1997,91
90 days,Deceased,Age,18-21,1998,88.2
90 days,Deceased,Age,18-21,1999,92.1
90 days,Deceased,Age,18-21,2000,89.7
90 days,Deceased,Age,18-21,2001,92.2
90 days,Deceased,Age,18-21,2002,94.6
90 days,Deceased,Age,18-21,2003,93.6
90 days,Deceased,Age,18-21,2004,96.1
90 days,Deceased,Age,18-21,2005,95.2
90 days,Deceased,Age,18-21,2006,94.4
90 days,Deceased,Age,18-21,2007,93.9
90 days,Deceased,Age,18-21,2008,95
90 days,Deceased,Age,18-21,2009,93.4
90 days,Deceased,Age,18-21,2010,94.3
90 days,Deceased,Age,18-21,2011,97.2
90 days,Deceased,Age,18-21,2012,97.1
90 days,Deceased,Age,22-24,1996,89.1
90 days,Deceased,Age,22-24,1997,92.7
90 days,Deceased,Age,22-24,1998,90.8
90 days,Deceased,Age,22-24,1999,92.9
90 days,Deceased,Age,22-24,2000,92.8
90 days,Deceased,Age,22-24,2001,97.3
90 days,Deceased,Age,22-24,2002,96.3
90 days,Deceased,Age,22-24,2003,94.2
90 days,Deceased,Age,22-24,2004,95.8
90 days,Deceased,Age,22-24,2005,93.2
90 days,Deceased,Age,22-24,2006,95
90 days,Deceased,Age,22-24,2007,96.4
90 days,Deceased,Age,22-24,2008,94.2
90 days,Deceased,Age,22-24,2009,94.5
90 days,Deceased,Age,22-24,2010,96.9
90 days,Deceased,Age,22-24,2011,97.2
90 days,Deceased,Age,22-24,2012,97.5
90 days,Deceased,Age,25-29,1996,90.5
90 days,Deceased,Age,25-29,1997,93.9
90 days,Deceased,Age,25-29,1998,92.1
90 days,Deceased,Age,25-29,1999,93.2
90 days,Deceased,Age,25-29,2000,91.6
90 days,Deceased,Age,25-29,2001,91.2
90 days,Deceased,Age,25-29,2002,92.5
90 days,Deceased,Age,25-29,2003,92.5
90 days,Deceased,Age,25-29,2004,94.5
90 days,Deceased,Age,25-29,2005,93
90 days,Deceased,Age,25-29,2006,95.9
90 days,Deceased,Age,25-29,2007,94.2
90 days,Deceased,Age,25-29,2008,95.5
90 days,Deceased,Age,25-29,2009,96.9
90 days,Deceased,Age,25-29,2010,95.5
90 days,Deceased,Age,25-29,2011,96.1
90 days,Deceased,Age,25-29,2012,95.9
90 days,Deceased,Age,30-34,1996,90.7
90 days,Deceased,Age,30-34,1997,91.9
90 days,Deceased,Age,30-34,1998,93.1
90 days,Deceased,Age,30-34,1999,92
90 days,Deceased,Age,30-34,2000,92.9
90 days,Deceased,Age,30-34,2001,92.7
90 days,Deceased,Age,30-34,2002,92.7
90 days,Deceased,Age,30-34,2003,92.5
90 days,Deceased,Age,30-34,2004,92.8
90 days,Deceased,Age,30-34,2005,93.3
90 days,Deceased,Age,30-34,2006,93.7
90 days,Deceased,Age,30-34,2007,94.8
90 days,Deceased,Age,30-34,2008,94.5
90 days,Deceased,Age,30-34,2009,93.6
90 days,Deceased,Age,30-34,2010,95.4
90 days,Deceased,Age,30-34,2011,96.7
90 days,Deceased,Age,30-34,2012,95.6
90 days,Deceased,Age,35-39,1996,92
90 days,Deceased,Age,35-39,1997,90.6
90 days,Deceased,Age,35-39,1998,92
90 days,Deceased,Age,35-39,1999,90.1
90 days,Deceased,Age,35-39,2000,93.5
90 days,Deceased,Age,35-39,2001,93.5
90 days,Deceased,Age,35-39,2002,92.2
90 days,Deceased,Age,35-39,2003,91.9
90 days,Deceased,Age,35-39,2004,93.8
90 days,Deceased,Age,35-39,2005,94.4
90 days,Deceased,Age,35-39,2006,95.4
90 days,Deceased,Age,35-39,2007,95.9
90 days,Deceased,Age,35-39,2008,95.6
90 days,Deceased,Age,35-39,2009,94.5
90 days,Deceased,Age,35-39,2010,94
90 days,Deceased,Age,35-39,2011,95.5
90 days,Deceased,Age,35-39,2012,96.5
90 days,Deceased,Age,40-44,1996,91.6
90 days,Deceased,Age,40-44,1997,92.2
90 days,Deceased,Age,40-44,1998,93.9
90 days,Deceased,Age,40-44,1999,92.9
90 days,Deceased,Age,40-44,2000,92.1
90 days,Deceased,Age,40-44,2001,92.7
90 days,Deceased,Age,40-44,2002,93.9
90 days,Deceased,Age,40-44,2003,94.6
90 days,Deceased,Age,40-44,2004,93.9
90 days,Deceased,Age,40-44,2005,94
90 days,Deceased,Age,40-44,2006,94.6
90 days,Deceased,Age,40-44,2007,94.5
90 days,Deceased,Age,40-44,2008,95.2
90 days,Deceased,Age,40-44,2009,94.3
90 days,Deceased,Age,40-44,2010,96.3
90 days,Deceased,Age,40-44,2011,96.7
90 days,Deceased,Age,40-44,2012,96.2
90 days,Deceased,Age,45-49,1996,90.4
90 days,Deceased,Age,45-49,1997,92.9
90 days,Deceased,Age,45-49,1998,91.5
90 days,Deceased,Age,45-49,1999,93.4
90 days,Deceased,Age,45-49,2000,92.6
90 days,Deceased,Age,45-49,2001,93.9
90 days,Deceased,Age,45-49,2002,92.6
90 days,Deceased,Age,45-49,2003,94.5
90 days,Deceased,Age,45-49,2004,93.5
90 days,Deceased,Age,45-49,2005,93.4
90 days,Deceased,Age,45-49,2006,93.3
90 days,Deceased,Age,45-49,2007,95.3
90 days,Deceased,Age,45-49,2008,95.5
90 days,Deceased,Age,45-49,2009,94.9
90 days,Deceased,Age,45-49,2010,94.5
90 days,Deceased,Age,45-49,2011,95.8
90 days,Deceased,Age,45-49,2012,96.5
90 days,Deceased,Age,50-54,1996,90.4
90 days,Deceased,Age,50-54,1997,90.6
90 days,Deceased,Age,50-54,1998,91.5
90 days,Deceased,Age,50-54,1999,91.4
90 days,Deceased,Age,50-54,2000,93.6
90 days,Deceased,Age,50-54,2001,92.2
90 days,Deceased,Age,50-54,2002,92.6
90 days,Deceased,Age,50-54,2003,93.3
90 days,Deceased,Age,50-54,2004,93.2
90 days,Deceased,Age,50-54,2005,93.7
90 days,Deceased,Age,50-54,2006,95
90 days,Deceased,Age,50-54,2007,94.8
90 days,Deceased,Age,50-54,2008,94.7
90 days,Deceased,Age,50-54,2009,95.4
90 days,Deceased,Age,50-54,2010,95.5
90 days,Deceased,Age,50-54,2011,95.6
90 days,Deceased,Age,50-54,2012,95.9
90 days,Deceased,Age,55-59,1996,90.2
90 days,Deceased,Age,55-59,1997,91.7
90 days,Deceased,Age,55-59,1998,91.1
90 days,Deceased,Age,55-59,1999,91.4
90 days,Deceased,Age,55-59,2000,90.9
90 days,Deceased,Age,55-59,2001,93.4
90 days,Deceased,Age,55-59,2002,91.5
90 days,Deceased,Age,55-59,2003,93
90 days,Deceased,Age,55-59,2004,92.6
90 days,Deceased,Age,55-59,2005,93.1
90 days,Deceased,Age,55-59,2006,93.5
90 days,Deceased,Age,55-59,2007,94.4
90 days,Deceased,Age,55-59,2008,92.8
90 days,Deceased,Age,55-59,2009,95.8
90 days,Deceased,Age,55-59,2010,94.3
90 days,Deceased,Age,55-59,2011,95.3
90 days,Deceased,Age,55-59,2012,95.3
90 days,Deceased,Age,60-64,1996,91.4
90 days,Deceased,Age,60-64,1997,93.4
90 days,Deceased,Age,60-64,1998,92.4
90 days,Deceased,Age,60-64,1999,89.9
90 days,Deceased,Age,60-64,2000,90.5
90 days,Deceased,Age,60-64,2001,92.1
90 days,Deceased,Age,60-64,2002,91.5
90 days,Deceased,Age,60-64,2003,90.8
90 days,Deceased,Age,60-64,2004,93
90 days,Deceased,Age,60-64,2005,94.3
90 days,Deceased,Age,60-64,2006,92.6
90 days,Deceased,Age,60-64,2007,93.9
90 days,Deceased,Age,60-64,2008,93.9
90 days,Deceased,Age,60-64,2009,94.2
90 days,Deceased,Age,60-64,2010,94.4
90 days,Deceased,Age,60-64,2011,94.6
90 days,Deceased,Age,60-64,2012,96.1
90 days,Deceased,Age,65-69,1996,87.8
90 days,Deceased,Age,65-69,1997,89.3
90 days,Deceased,Age,65-69,1998,91.4
90 days,Deceased,Age,65-69,1999,90.9
90 days,Deceased,Age,65-69,2000,88.4
90 days,Deceased,Age,65-69,2001,89
90 days,Deceased,Age,65-69,2002,91.7
90 days,Deceased,Age,65-69,2003,92.4
90 days,Deceased,Age,65-69,2004,91.8
90 days,Deceased,Age,65-69,2005,91.1
90 days,Deceased,Age,65-69,2006,93
90 days,Deceased,Age,65-69,2007,93.9
90 days,Deceased,Age,65-69,2008,95.1
90 days,Deceased,Age,65-69,2009,93.2
90 days,Deceased,Age,65-69,2010,94.8
90 days,Deceased,Age,65-69,2011,94.6
90 days,Deceased,Age,65-69,2012,94.5
90 days,Deceased,Age,70-74,1996,87.8
90 days,Deceased,Age,70-74,1997,92.1
90 days,Deceased,Age,70-74,1998,90.1
90 days,Deceased,Age,70-74,1999,88.1
90 days,Deceased,Age,70-74,2000,91.4
90 days,Deceased,Age,70-74,2001,91.4
90 days,Deceased,Age,70-74,2002,90.2
90 days,Deceased,Age,70-74,2003,92.1
90 days,Deceased,Age,70-74,2004,94
90 days,Deceased,Age,70-74,2005,93.4
90 days,Deceased,Age,70-74,2006,91.7
90 days,Deceased,Age,70-74,2007,92.4
90 days,Deceased,Age,70-74,2008,93.1
90 days,Deceased,Age,70-74,2009,94.3
90 days,Deceased,Age,70-74,2010,92.9
90 days,Deceased,Age,70-74,2011,93.9
90 days,Deceased,Age,70-74,2012,94
90 days,Deceased,Age,75-79,1996,93.1
90 days,Deceased,Age,75-79,1997,81.3
90 days,Deceased,Age,75-79,1998,83.1
90 days,Deceased,Age,75-79,1999,81.9
90 days,Deceased,Age,75-79,2000,90.6
90 days,Deceased,Age,75-79,2001,87.4
90 days,Deceased,Age,75-79,2002,88.8
90 days,Deceased,Age,75-79,2003,90.6
90 days,Deceased,Age,75-79,2004,88.4
90 days,Deceased,Age,75-79,2005,89.8
90 days,Deceased,Age,75-79,2006,90.1
90 days,Deceased,Age,75-79,2007,92.5
90 days,Deceased,Age,75-79,2008,92.3
90 days,Deceased,Age,75-79,2009,93.7
90 days,Deceased,Age,75-79,2010,91.5
90 days,Deceased,Age,75-79,2011,94.5
90 days,Deceased,Age,75-79,2012,95.7
90 days,Deceased,Age,80-84,2003,93.6
90 days,Deceased,Age,80-84,2004,94.6
90 days,Deceased,Age,80-84,2005,96.8
90 days,Deceased,Age,80-84,2006,88.7
90 days,Deceased,Age,80-84,2007,83.6
90 days,Deceased,Age,80-84,2008,96.2
90 days,Deceased,Age,80-84,2009,94.4
90 days,Deceased,Age,80-84,2010,89
90 days,Deceased,Age,80-84,2011,100
90 days,Deceased,Age,80-84,2012,94
1 year,Deceased,Age,0-4,1996,79.3
1 year,Deceased,Age,0-4,1997,79.3
1 year,Deceased,Age,0-4,1998,93.4
1 year,Deceased,Age,0-4,1999,83.2
1 year,Deceased,Age,0-4,2000,77.1
1 year,Deceased,Age,0-4,2001,94
1 year,Deceased,Age,0-4,2002,80.3
1 year,Deceased,Age,0-4,2003,91.3
1 year,Deceased,Age,0-4,2004,88
1 year,Deceased,Age,0-4,2005,88.6
1 year,Deceased,Age,0-4,2006,92.7
1 year,Deceased,Age,0-4,2007,89.9
1 year,Deceased,Age,0-4,2008,89.9
1 year,Deceased,Age,0-4,2009,89.6
1 year,Deceased,Age,0-4,2010,95.7
1 year,Deceased,Age,0-4,2011,97.1
1 year,Deceased,Age,0-4,2012,91.4
1 year,Deceased,Age,9-May,1996,87.3
1 year,Deceased,Age,9-May,1997,93.6
1 year,Deceased,Age,9-May,1998,87.8
1 year,Deceased,Age,9-May,1999,80.6
1 year,Deceased,Age,9-May,2000,89
1 year,Deceased,Age,9-May,2001,96.5
1 year,Deceased,Age,9-May,2002,89.9
1 year,Deceased,Age,9-May,2003,89.8
1 year,Deceased,Age,9-May,2004,89.6
1 year,Deceased,Age,9-May,2005,94.6
1 year,Deceased,Age,9-May,2006,92.7
1 year,Deceased,Age,9-May,2007,89.5
1 year,Deceased,Age,9-May,2008,92.9
1 year,Deceased,Age,9-May,2009,91.7
1 year,Deceased,Age,9-May,2010,95.4
1 year,Deceased,Age,9-May,2011,98.6
1 year,Deceased,Age,9-May,2012,95.4
1 year,Deceased,Age,13-Oct,1996,87.9
1 year,Deceased,Age,13-Oct,1997,89.1
1 year,Deceased,Age,13-Oct,1998,89
1 year,Deceased,Age,13-Oct,1999,92.2
1 year,Deceased,Age,13-Oct,2000,97.1
1 year,Deceased,Age,13-Oct,2001,88.1
1 year,Deceased,Age,13-Oct,2002,92.1
1 year,Deceased,Age,13-Oct,2003,90.8
1 year,Deceased,Age,13-Oct,2004,94.4
1 year,Deceased,Age,13-Oct,2005,86.3
1 year,Deceased,Age,13-Oct,2006,90.9
1 year,Deceased,Age,13-Oct,2007,94.3
1 year,Deceased,Age,13-Oct,2008,94.1
1 year,Deceased,Age,13-Oct,2009,99
1 year,Deceased,Age,13-Oct,2010,92.3
1 year,Deceased,Age,13-Oct,2011,96.1
1 year,Deceased,Age,13-Oct,2012,95.9
1 year,Deceased,Age,13-Oct,1996,86.7
1 year,Deceased,Age,13-Oct,1997,91.9
1 year,Deceased,Age,13-Oct,1998,83.7
1 year,Deceased,Age,13-Oct,1999,85.7
1 year,Deceased,Age,13-Oct,2000,91.2
1 year,Deceased,Age,13-Oct,2001,91.4
1 year,Deceased,Age,13-Oct,2002,94.6
1 year,Deceased,Age,13-Oct,2003,91.3
1 year,Deceased,Age,13-Oct,2004,94.4
1 year,Deceased,Age,13-Oct,2005,91.7
1 year,Deceased,Age,13-Oct,2006,91.4
1 year,Deceased,Age,13-Oct,2007,96
1 year,Deceased,Age,13-Oct,2008,93.3
1 year,Deceased,Age,13-Oct,2009,93.5
1 year,Deceased,Age,13-Oct,2010,95.8
1 year,Deceased,Age,13-Oct,2011,95.9
1 year,Deceased,Age,13-Oct,2012,98
1 year,Deceased,Age,18-21,1996,82.4
1 year,Deceased,Age,18-21,1997,86
1 year,Deceased,Age,18-21,1998,81.2
1 year,Deceased,Age,18-21,1999,86.6
1 year,Deceased,Age,18-21,2000,84.2
1 year,Deceased,Age,18-21,2001,86.6
1 year,Deceased,Age,18-21,2002,91.5
1 year,Deceased,Age,18-21,2003,86.4
1 year,Deceased,Age,18-21,2004,86.9
1 year,Deceased,Age,18-21,2005,91.1
1 year,Deceased,Age,18-21,2006,90.6
1 year,Deceased,Age,18-21,2007,88.8
1 year,Deceased,Age,18-21,2008,86.5
1 year,Deceased,Age,18-21,2009,90.9
1 year,Deceased,Age,18-21,2010,90.7
1 year,Deceased,Age,18-21,2011,93.6
1 year,Deceased,Age,18-21,2012,92.7
1 year,Deceased,Age,22-24,1996,86.4
1 year,Deceased,Age,22-24,1997,87.9
1 year,Deceased,Age,22-24,1998,87.6
1 year,Deceased,Age,22-24,1999,88.7
1 year,Deceased,Age,22-24,2000,87.3
1 year,Deceased,Age,22-24,2001,93.3
1 year,Deceased,Age,22-24,2002,92.5
1 year,Deceased,Age,22-24,2003,88.4
1 year,Deceased,Age,22-24,2004,92.5
1 year,Deceased,Age,22-24,2005,90.5
1 year,Deceased,Age,22-24,2006,91.5
1 year,Deceased,Age,22-24,2007,92.1
1 year,Deceased,Age,22-24,2008,91.6
1 year,Deceased,Age,22-24,2009,90.6
1 year,Deceased,Age,22-24,2010,93.7
1 year,Deceased,Age,22-24,2011,93.6
1 year,Deceased,Age,22-24,2012,95.1
1 year,Deceased,Age,25-29,1996,86.4
1 year,Deceased,Age,25-29,1997,89.4
1 year,Deceased,Age,25-29,1998,89.4
1 year,Deceased,Age,25-29,1999,89.3
1 year,Deceased,Age,25-29,2000,87.6
1 year,Deceased,Age,25-29,2001,88.4
1 year,Deceased,Age,25-29,2002,87.4
1 year,Deceased,Age,25-29,2003,89.3
1 year,Deceased,Age,25-29,2004,92.1
1 year,Deceased,Age,25-29,2005,89.5
1 year,Deceased,Age,25-29,2006,92.6
1 year,Deceased,Age,25-29,2007,90.2
1 year,Deceased,Age,25-29,2008,91.2
1 year,Deceased,Age,25-29,2009,94.4
1 year,Deceased,Age,25-29,2010,92.1
1 year,Deceased,Age,25-29,2011,92.8
1 year,Deceased,Age,25-29,2012,91.4
1 year,Deceased,Age,30-34,1996,85.9
1 year,Deceased,Age,30-34,1997,88.4
1 year,Deceased,Age,30-34,1998,88.9
1 year,Deceased,Age,30-34,1999,86.5
1 year,Deceased,Age,30-34,2000,89.8
1 year,Deceased,Age,30-34,2001,89.2
1 year,Deceased,Age,30-34,2002,88.7
1 year,Deceased,Age,30-34,2003,88.6
1 year,Deceased,Age,30-34,2004,88.6
1 year,Deceased,Age,30-34,2005,88.9
1 year,Deceased,Age,30-34,2006,90.6
1 year,Deceased,Age,30-34,2007,90.8
1 year,Deceased,Age,30-34,2008,92
1 year,Deceased,Age,30-34,2009,89.3
1 year,Deceased,Age,30-34,2010,93.1
1 year,Deceased,Age,30-34,2011,95.2
1 year,Deceased,Age,30-34,2012,93.6
1 year,Deceased,Age,35-39,1996,88.3
1 year,Deceased,Age,35-39,1997,87.3
1 year,Deceased,Age,35-39,1998,88.9
1 year,Deceased,Age,35-39,1999,86.8
1 year,Deceased,Age,35-39,2000,90
1 year,Deceased,Age,35-39,2001,89.7
1 year,Deceased,Age,35-39,2002,88.1
1 year,Deceased,Age,35-39,2003,87.5
1 year,Deceased,Age,35-39,2004,89.5
1 year,Deceased,Age,35-39,2005,91.8
1 year,Deceased,Age,35-39,2006,91.6
1 year,Deceased,Age,35-39,2007,92.7
1 year,Deceased,Age,35-39,2008,93
1 year,Deceased,Age,35-39,2009,91.5
1 year,Deceased,Age,35-39,2010,90.9
1 year,Deceased,Age,35-39,2011,93.4
1 year,Deceased,Age,35-39,2012,94.1
1 year,Deceased,Age,40-44,1996,86.3
1 year,Deceased,Age,40-44,1997,87.3
1 year,Deceased,Age,40-44,1998,90.4
1 year,Deceased,Age,40-44,1999,88.3
1 year,Deceased,Age,40-44,2000,87.9
1 year,Deceased,Age,40-44,2001,89
1 year,Deceased,Age,40-44,2002,90.8
1 year,Deceased,Age,40-44,2003,90.6
1 year,Deceased,Age,40-44,2004,90
1 year,Deceased,Age,40-44,2005,89.9
1 year,Deceased,Age,40-44,2006,91.1
1 year,Deceased,Age,40-44,2007,92
1 year,Deceased,Age,40-44,2008,92.4
1 year,Deceased,Age,40-44,2009,91.5
1 year,Deceased,Age,40-44,2010,94.5
1 year,Deceased,Age,40-44,2011,94.9
1 year,Deceased,Age,40-44,2012,94.3
1 year,Deceased,Age,45-49,1996,86.3
1 year,Deceased,Age,45-49,1997,88.6
1 year,Deceased,Age,45-49,1998,88.2
1 year,Deceased,Age,45-49,1999,89
1 year,Deceased,Age,45-49,2000,87.6
1 year,Deceased,Age,45-49,2001,89.5
1 year,Deceased,Age,45-49,2002,87.6
1 year,Deceased,Age,45-49,2003,90.1
1 year,Deceased,Age,45-49,2004,90.8
1 year,Deceased,Age,45-49,2005,88.5
1 year,Deceased,Age,45-49,2006,89.9
1 year,Deceased,Age,45-49,2007,91.6
1 year,Deceased,Age,45-49,2008,92.4
1 year,Deceased,Age,45-49,2009,91.9
1 year,Deceased,Age,45-49,2010,91.6
1 year,Deceased,Age,45-49,2011,93.4
1 year,Deceased,Age,45-49,2012,92.8
1 year,Deceased,Age,50-54,1996,85.3
1 year,Deceased,Age,50-54,1997,86.4
1 year,Deceased,Age,50-54,1998,86.4
1 year,Deceased,Age,50-54,1999,85.4
1 year,Deceased,Age,50-54,2000,87.6
1 year,Deceased,Age,50-54,2001,87
1 year,Deceased,Age,50-54,2002,88.6
1 year,Deceased,Age,50-54,2003,88.1
1 year,Deceased,Age,50-54,2004,87.7
1 year,Deceased,Age,50-54,2005,89.4
1 year,Deceased,Age,50-54,2006,90.3
1 year,Deceased,Age,50-54,2007,91.3
1 year,Deceased,Age,50-54,2008,90.3
1 year,Deceased,Age,50-54,2009,91.6
1 year,Deceased,Age,50-54,2010,91.6
1 year,Deceased,Age,50-54,2011,93.6
1 year,Deceased,Age,50-54,2012,93.6
1 year,Deceased,Age,55-59,1996,85.3
1 year,Deceased,Age,55-59,1997,85.3
1 year,Deceased,Age,55-59,1998,86.3
1 year,Deceased,Age,55-59,1999,85.2
1 year,Deceased,Age,55-59,2000,84.2
1 year,Deceased,Age,55-59,2001,88.2
1 year,Deceased,Age,55-59,2002,86.2
1 year,Deceased,Age,55-59,2003,88.2
1 year,Deceased,Age,55-59,2004,87.3
1 year,Deceased,Age,55-59,2005,88.8
1 year,Deceased,Age,55-59,2006,87.7
1 year,Deceased,Age,55-59,2007,90.2
1 year,Deceased,Age,55-59,2008,88
1 year,Deceased,Age,55-59,2009,91.2
1 year,Deceased,Age,55-59,2010,89.9
1 year,Deceased,Age,55-59,2011,91.5
1 year,Deceased,Age,55-59,2012,91.3
1 year,Deceased,Age,60-64,1996,84.5
1 year,Deceased,Age,60-64,1997,87.2
1 year,Deceased,Age,60-64,1998,83.6
1 year,Deceased,Age,60-64,1999,84
1 year,Deceased,Age,60-64,2000,83.5
1 year,Deceased,Age,60-64,2001,85.3
1 year,Deceased,Age,60-64,2002,86.4
1 year,Deceased,Age,60-64,2003,84.4
1 year,Deceased,Age,60-64,2004,87.3
1 year,Deceased,Age,60-64,2005,89.1
1 year,Deceased,Age,60-64,2006,87.9
1 year,Deceased,Age,60-64,2007,87.7
1 year,Deceased,Age,60-64,2008,89.4
1 year,Deceased,Age,60-64,2009,88.8
1 year,Deceased,Age,60-64,2010,89.2
1 year,Deceased,Age,60-64,2011,90.5
1 year,Deceased,Age,60-64,2012,92.7
1 year,Deceased,Age,65-69,1996,81.1
1 year,Deceased,Age,65-69,1997,82.3
1 year,Deceased,Age,65-69,1998,83.3
1 year,Deceased,Age,65-69,1999,82.8
1 year,Deceased,Age,65-69,2000,81.7
1 year,Deceased,Age,65-69,2001,82.6
1 year,Deceased,Age,65-69,2002,84.9
1 year,Deceased,Age,65-69,2003,86.3
1 year,Deceased,Age,65-69,2004,84.1
1 year,Deceased,Age,65-69,2005,83
1 year,Deceased,Age,65-69,2006,87.4
1 year,Deceased,Age,65-69,2007,87.4
1 year,Deceased,Age,65-69,2008,90.4
1 year,Deceased,Age,65-69,2009,86.5
1 year,Deceased,Age,65-69,2010,91
1 year,Deceased,Age,65-69,2011,89.9
1 year,Deceased,Age,65-69,2012,90
1 year,Deceased,Age,70-74,1996,82.5
1 year,Deceased,Age,70-74,1997,81.8
1 year,Deceased,Age,70-74,1998,80.8
1 year,Deceased,Age,70-74,1999,81.3
1 year,Deceased,Age,70-74,2000,84.1
1 year,Deceased,Age,70-74,2001,82.3
1 year,Deceased,Age,70-74,2002,82.1
1 year,Deceased,Age,70-74,2003,83.4
1 year,Deceased,Age,70-74,2004,87.5
1 year,Deceased,Age,70-74,2005,85.9
1 year,Deceased,Age,70-74,2006,83
1 year,Deceased,Age,70-74,2007,87.2
1 year,Deceased,Age,70-74,2008,87.3
1 year,Deceased,Age,70-74,2009,89.4
1 year,Deceased,Age,70-74,2010,86.1
1 year,Deceased,Age,70-74,2011,88.5
1 year,Deceased,Age,70-74,2012,87.3
1 year,Deceased,Age,75-79,1996,72.4
1 year,Deceased,Age,75-79,1997,73.7
1 year,Deceased,Age,75-79,1998,71.8
1 year,Deceased,Age,75-79,1999,71.5
1 year,Deceased,Age,75-79,2000,78.8
1 year,Deceased,Age,75-79,2001,74.8
1 year,Deceased,Age,75-79,2002,77.7
1 year,Deceased,Age,75-79,2003,81.2
1 year,Deceased,Age,75-79,2004,77.8
1 year,Deceased,Age,75-79,2005,79.6
1 year,Deceased,Age,75-79,2006,80.2
1 year,Deceased,Age,75-79,2007,84.4
1 year,Deceased,Age,75-79,2008,87.4
1 year,Deceased,Age,75-79,2009,87.9
1 year,Deceased,Age,75-79,2010,87.5
1 year,Deceased,Age,75-79,2011,90.8
1 year,Deceased,Age,75-79,2012,91.5
1 year,Deceased,Age,80-84,2003,87.1
1 year,Deceased,Age,80-84,2004,94.6
1 year,Deceased,Age,80-84,2005,71.4
1 year,Deceased,Age,80-84,2006,84.9
1 year,Deceased,Age,80-84,2007,70.5
1 year,Deceased,Age,80-84,2008,84.9
1 year,Deceased,Age,80-84,2009,77.5
1 year,Deceased,Age,80-84,2010,80.8
1 year,Deceased,Age,80-84,2011,93.8
1 year,Deceased,Age,80-84,2012,91
90 days,Deceased,Race,White,1996,90.8
90 days,Deceased,Race,White,1997,91.8
90 days,Deceased,Race,White,1998,91.7
90 days,Deceased,Race,White,1999,91.7
90 days,Deceased,Race,White,2000,92.1
90 days,Deceased,Race,White,2001,93
90 days,Deceased,Race,White,2002,92.7
90 days,Deceased,Race,White,2003,93.7
90 days,Deceased,Race,White,2004,93.5
90 days,Deceased,Race,White,2005,93.8
90 days,Deceased,Race,White,2006,93.9
90 days,Deceased,Race,White,2007,94.7
90 days,Deceased,Race,White,2008,94.9
90 days,Deceased,Race,White,2009,94.8
90 days,Deceased,Race,White,2010,94.5
90 days,Deceased,Race,White,2011,95.7
90 days,Deceased,Race,White,2012,95.9
90 days,Deceased,Race,Black/Af Am,1996,89.9
90 days,Deceased,Race,Black/Af Am,1997,91.6
90 days,Deceased,Race,Black/Af Am,1998,91.5
90 days,Deceased,Race,Black/Af Am,1999,90.9
90 days,Deceased,Race,Black/Af Am,2000,91.4
90 days,Deceased,Race,Black/Af Am,2001,91.7
90 days,Deceased,Race,Black/Af Am,2002,91.3
90 days,Deceased,Race,Black/Af Am,2003,91.3
90 days,Deceased,Race,Black/Af Am,2004,92.3
90 days,Deceased,Race,Black/Af Am,2005,92.4
90 days,Deceased,Race,Black/Af Am,2006,93.2
90 days,Deceased,Race,Black/Af Am,2007,93.4
90 days,Deceased,Race,Black/Af Am,2008,93.6
90 days,Deceased,Race,Black/Af Am,2009,94.5
90 days,Deceased,Race,Black/Af Am,2010,94.7
90 days,Deceased,Race,Black/Af Am,2011,95.1
90 days,Deceased,Race,Black/Af Am,2012,95.4
90 days,Deceased,Race,Native American,1996,92.4
90 days,Deceased,Race,Native American,1997,92.2
90 days,Deceased,Race,Native American,1998,96.9
90 days,Deceased,Race,Native American,1999,96.2
90 days,Deceased,Race,Native American,2000,91.5
90 days,Deceased,Race,Native American,2001,93
90 days,Deceased,Race,Native American,2002,91.6
90 days,Deceased,Race,Native American,2003,94.8
90 days,Deceased,Race,Native American,2004,94.6
90 days,Deceased,Race,Native American,2005,95.6
90 days,Deceased,Race,Native American,2006,94.9
90 days,Deceased,Race,Native American,2007,95.6
90 days,Deceased,Race,Native American,2008,96.1
90 days,Deceased,Race,Native American,2009,91.8
90 days,Deceased,Race,Native American,2010,92
90 days,Deceased,Race,Native American,2011,96.1
90 days,Deceased,Race,Native American,2012,94.6
90 days,Deceased,Race,Asian,1996,93.2
90 days,Deceased,Race,Asian,1997,95.5
90 days,Deceased,Race,Asian,1998,96.1
90 days,Deceased,Race,Asian,1999,92.9
90 days,Deceased,Race,Asian,2000,94.6
90 days,Deceased,Race,Asian,2001,94
90 days,Deceased,Race,Asian,2002,94.2
90 days,Deceased,Race,Asian,2003,94.7
90 days,Deceased,Race,Asian,2004,95.5
90 days,Deceased,Race,Asian,2005,94.5
90 days,Deceased,Race,Asian,2006,95.6
90 days,Deceased,Race,Asian,2007,97.1
90 days,Deceased,Race,Asian,2008,95.5
90 days,Deceased,Race,Asian,2009,94.4
90 days,Deceased,Race,Asian,2010,97.9
90 days,Deceased,Race,Asian,2011,94.9
90 days,Deceased,Race,Asian,2012,96.1
90 days,Deceased,Race,Other/unknown,1996,85.4
90 days,Deceased,Race,Other/unknown,1997,91.7
90 days,Deceased,Race,Other/unknown,1998,93.5
90 days,Deceased,Race,Other/unknown,1999,92.7
90 days,Deceased,Race,Other/unknown,2000,93.9
90 days,Deceased,Race,Other/unknown,2001,92.6
90 days,Deceased,Race,Other/unknown,2002,97.6
90 days,Deceased,Race,Other/unknown,2003,91.5
90 days,Deceased,Race,Other/unknown,2004,96.1
90 days,Deceased,Race,Other/unknown,2005,97
90 days,Deceased,Race,Other/unknown,2006,97.6
90 days,Deceased,Race,Other/unknown,2007,98.1
90 days,Deceased,Race,Other/unknown,2008,94.7
90 days,Deceased,Race,Other/unknown,2009,98.8
90 days,Deceased,Race,Other/unknown,2010,97.4
90 days,Deceased,Race,Other/unknown,2011,97.8
90 days,Deceased,Race,Other/unknown,2012,98.1
90 days,Deceased,Race,Hispanic,1996,93.5
90 days,Deceased,Race,Hispanic,1997,93.8
90 days,Deceased,Race,Hispanic,1998,93.1
90 days,Deceased,Race,Hispanic,1999,92.1
90 days,Deceased,Race,Hispanic,2000,94
90 days,Deceased,Race,Hispanic,2001,93.8
90 days,Deceased,Race,Hispanic,2002,94.4
90 days,Deceased,Race,Hispanic,2003,94.3
90 days,Deceased,Race,Hispanic,2004,94
90 days,Deceased,Race,Hispanic,2005,94.6
90 days,Deceased,Race,Hispanic,2006,94.4
90 days,Deceased,Race,Hispanic,2007,95.4
90 days,Deceased,Race,Hispanic,2008,95.7
90 days,Deceased,Race,Hispanic,2009,95.3
90 days,Deceased,Race,Hispanic,2010,94.4
90 days,Deceased,Race,Hispanic,2011,97
90 days,Deceased,Race,Hispanic,2012,96.4
90 days,Deceased,Race,Non-Hispanic,1996,90.3
90 days,Deceased,Race,Non-Hispanic,1997,91.7
90 days,Deceased,Race,Non-Hispanic,1998,91.8
90 days,Deceased,Race,Non-Hispanic,1999,91.5
90 days,Deceased,Race,Non-Hispanic,2000,91.8
90 days,Deceased,Race,Non-Hispanic,2001,92.5
90 days,Deceased,Race,Non-Hispanic,2002,92.1
90 days,Deceased,Race,Non-Hispanic,2003,92.8
90 days,Deceased,Race,Non-Hispanic,2004,93.2
90 days,Deceased,Race,Non-Hispanic,2005,93.3
90 days,Deceased,Race,Non-Hispanic,2006,93.8
90 days,Deceased,Race,Non-Hispanic,2007,94.4
90 days,Deceased,Race,Non-Hispanic,2008,94.3
90 days,Deceased,Race,Non-Hispanic,2009,94.6
90 days,Deceased,Race,Non-Hispanic,2010,94.8
90 days,Deceased,Race,Non-Hispanic,2011,95.2
90 days,Deceased,Race,Non-Hispanic,2012,95.6
1 year,Deceased,Race,White,1996,86.3
1 year,Deceased,Race,White,1997,87.3
1 year,Deceased,Race,White,1998,87.3
1 year,Deceased,Race,White,1999,86.9
1 year,Deceased,Race,White,2000,87.5
1 year,Deceased,Race,White,2001,88.7
1 year,Deceased,Race,White,2002,88.3
1 year,Deceased,Race,White,2003,88.9
1 year,Deceased,Race,White,2004,88.7
1 year,Deceased,Race,White,2005,89
1 year,Deceased,Race,White,2006,89.6
1 year,Deceased,Race,White,2007,90.5
1 year,Deceased,Race,White,2008,91
1 year,Deceased,Race,White,2009,90.5
1 year,Deceased,Race,White,2010,90.8
1 year,Deceased,Race,White,2011,92.6
1 year,Deceased,Race,White,2012,92.5
1 year,Deceased,Race,Black/Af Am,1996,84.1
1 year,Deceased,Race,Black/Af Am,1997,85.4
1 year,Deceased,Race,Black/Af Am,1998,85.2
1 year,Deceased,Race,Black/Af Am,1999,84
1 year,Deceased,Race,Black/Af Am,2000,84.3
1 year,Deceased,Race,Black/Af Am,2001,85.5
1 year,Deceased,Race,Black/Af Am,2002,85.6
1 year,Deceased,Race,Black/Af Am,2003,85.1
1 year,Deceased,Race,Black/Af Am,2004,87
1 year,Deceased,Race,Black/Af Am,2005,86.9
1 year,Deceased,Race,Black/Af Am,2006,87.7
1 year,Deceased,Race,Black/Af Am,2007,88.7
1 year,Deceased,Race,Black/Af Am,2008,88.7
1 year,Deceased,Race,Black/Af Am,2009,90
1 year,Deceased,Race,Black/Af Am,2010,90.4
1 year,Deceased,Race,Black/Af Am,2011,91.8
1 year,Deceased,Race,Black/Af Am,2012,91.8
1 year,Deceased,Race,Native American,1996,83.8
1 year,Deceased,Race,Native American,1997,87.7
1 year,Deceased,Race,Native American,1998,95.9
1 year,Deceased,Race,Native American,1999,86.6
1 year,Deceased,Race,Native American,2000,81
1 year,Deceased,Race,Native American,2001,81.8
1 year,Deceased,Race,Native American,2002,86.4
1 year,Deceased,Race,Native American,2003,92.8
1 year,Deceased,Race,Native American,2004,89.3
1 year,Deceased,Race,Native American,2005,92
1 year,Deceased,Race,Native American,2006,91.3
1 year,Deceased,Race,Native American,2007,93
1 year,Deceased,Race,Native American,2008,92.2
1 year,Deceased,Race,Native American,2009,88.3
1 year,Deceased,Race,Native American,2010,88
1 year,Deceased,Race,Native American,2011,93.8
1 year,Deceased,Race,Native American,2012,93.7
1 year,Deceased,Race,Asian,1996,87
1 year,Deceased,Race,Asian,1997,92.6
1 year,Deceased,Race,Asian,1998,93.2
1 year,Deceased,Race,Asian,1999,91.1
1 year,Deceased,Race,Asian,2000,89.9
1 year,Deceased,Race,Asian,2001,89.2
1 year,Deceased,Race,Asian,2002,89.5
1 year,Deceased,Race,Asian,2003,90.8
1 year,Deceased,Race,Asian,2004,92.7
1 year,Deceased,Race,Asian,2005,90.7
1 year,Deceased,Race,Asian,2006,91.2
1 year,Deceased,Race,Asian,2007,93.5
1 year,Deceased,Race,Asian,2008,93.8
1 year,Deceased,Race,Asian,2009,91.7
1 year,Deceased,Race,Asian,2010,95.4
1 year,Deceased,Race,Asian,2011,92
1 year,Deceased,Race,Asian,2012,93.1
1 year,Deceased,Race,Other/unknown,1996,82
1 year,Deceased,Race,Other/unknown,1997,90.2
1 year,Deceased,Race,Other/unknown,1998,89.8
1 year,Deceased,Race,Other/unknown,1999,84.1
1 year,Deceased,Race,Other/unknown,2000,91.6
1 year,Deceased,Race,Other/unknown,2001,89.8
1 year,Deceased,Race,Other/unknown,2002,93.9
1 year,Deceased,Race,Other/unknown,2003,89.8
1 year,Deceased,Race,Other/unknown,2004,93.1
1 year,Deceased,Race,Other/unknown,2005,92
1 year,Deceased,Race,Other/unknown,2006,94.7
1 year,Deceased,Race,Other/unknown,2007,96.6
1 year,Deceased,Race,Other/unknown,2008,92
1 year,Deceased,Race,Other/unknown,2009,97.7
1 year,Deceased,Race,Other/unknown,2010,95.4
1 year,Deceased,Race,Other/unknown,2011,97
1 year,Deceased,Race,Other/unknown,2012,94.3
1 year,Deceased,Race,Hispanic,1996,89.9
1 year,Deceased,Race,Hispanic,1997,90.5
1 year,Deceased,Race,Hispanic,1998,90.6
1 year,Deceased,Race,Hispanic,1999,88.4
1 year,Deceased,Race,Hispanic,2000,89.4
1 year,Deceased,Race,Hispanic,2001,90.8
1 year,Deceased,Race,Hispanic,2002,90.9
1 year,Deceased,Race,Hispanic,2003,89.9
1 year,Deceased,Race,Hispanic,2004,90.3
1 year,Deceased,Race,Hispanic,2005,90.5
1 year,Deceased,Race,Hispanic,2006,90.3
1 year,Deceased,Race,Hispanic,2007,91.7
1 year,Deceased,Race,Hispanic,2008,92.3
1 year,Deceased,Race,Hispanic,2009,91.3
1 year,Deceased,Race,Hispanic,2010,91.4
1 year,Deceased,Race,Hispanic,2011,94.5
1 year,Deceased,Race,Hispanic,2012,93.3
1 year,Deceased,Race,Non-Hispanic,1996,85.3
1 year,Deceased,Race,Non-Hispanic,1997,86.7
1 year,Deceased,Race,Non-Hispanic,1998,86.7
1 year,Deceased,Race,Non-Hispanic,1999,86
1 year,Deceased,Race,Non-Hispanic,2000,86.4
1 year,Deceased,Race,Non-Hispanic,2001,87.4
1 year,Deceased,Race,Non-Hispanic,2002,87.2
1 year,Deceased,Race,Non-Hispanic,2003,87.6
1 year,Deceased,Race,Non-Hispanic,2004,88.2
1 year,Deceased,Race,Non-Hispanic,2005,88.3
1 year,Deceased,Race,Non-Hispanic,2006,89
1 year,Deceased,Race,Non-Hispanic,2007,90
1 year,Deceased,Race,Non-Hispanic,2008,90.1
1 year,Deceased,Race,Non-Hispanic,2009,90.4
1 year,Deceased,Race,Non-Hispanic,2010,90.9
1 year,Deceased,Race,Non-Hispanic,2011,92
1 year,Deceased,Race,Non-Hispanic,2012,92.2
90 days,Deceased,Diagnosis,Diabetes,1996,90.4
90 days,Deceased,Diagnosis,Diabetes,1997,90.8
90 days,Deceased,Diagnosis,Diabetes,1998,90.8
90 days,Deceased,Diagnosis,Diabetes,1999,89.8
90 days,Deceased,Diagnosis,Diabetes,2000,90.9
90 days,Deceased,Diagnosis,Diabetes,2001,92.2
90 days,Deceased,Diagnosis,Diabetes,2002,91.2
90 days,Deceased,Diagnosis,Diabetes,2003,91.8
90 days,Deceased,Diagnosis,Diabetes,2004,92.1
90 days,Deceased,Diagnosis,Diabetes,2005,92.4
90 days,Deceased,Diagnosis,Diabetes,2006,92
90 days,Deceased,Diagnosis,Diabetes,2007,93.9
90 days,Deceased,Diagnosis,Diabetes,2008,93.3
90 days,Deceased,Diagnosis,Diabetes,2009,93.6
90 days,Deceased,Diagnosis,Diabetes,2010,93.8
90 days,Deceased,Diagnosis,Diabetes,2011,94.1
90 days,Deceased,Diagnosis,Diabetes,2012,95.5
90 days,Deceased,Diagnosis,Hypertension,1996,91.6
90 days,Deceased,Diagnosis,Hypertension,1997,91.7
90 days,Deceased,Diagnosis,Hypertension,1998,93
90 days,Deceased,Diagnosis,Hypertension,1999,92.7
90 days,Deceased,Diagnosis,Hypertension,2000,91.3
90 days,Deceased,Diagnosis,Hypertension,2001,92
90 days,Deceased,Diagnosis,Hypertension,2002,92.3
90 days,Deceased,Diagnosis,Hypertension,2003,93.1
90 days,Deceased,Diagnosis,Hypertension,2004,93.6
90 days,Deceased,Diagnosis,Hypertension,2005,93.7
90 days,Deceased,Diagnosis,Hypertension,2006,94.6
90 days,Deceased,Diagnosis,Hypertension,2007,94.9
90 days,Deceased,Diagnosis,Hypertension,2008,94.9
90 days,Deceased,Diagnosis,Hypertension,2009,94.9
90 days,Deceased,Diagnosis,Hypertension,2010,95.6
90 days,Deceased,Diagnosis,Hypertension,2011,96.2
90 days,Deceased,Diagnosis,Hypertension,2012,95.4
90 days,Deceased,Diagnosis,Glomerulonephritis,1996,90.5
90 days,Deceased,Diagnosis,Glomerulonephritis,1997,92.5
90 days,Deceased,Diagnosis,Glomerulonephritis,1998,92.5
90 days,Deceased,Diagnosis,Glomerulonephritis,1999,92.7
90 days,Deceased,Diagnosis,Glomerulonephritis,2000,92.9
90 days,Deceased,Diagnosis,Glomerulonephritis,2001,93.5
90 days,Deceased,Diagnosis,Glomerulonephritis,2002,93.6
90 days,Deceased,Diagnosis,Glomerulonephritis,2003,93.5
90 days,Deceased,Diagnosis,Glomerulonephritis,2004,93.7
90 days,Deceased,Diagnosis,Glomerulonephritis,2005,94.1
90 days,Deceased,Diagnosis,Glomerulonephritis,2006,94.9
90 days,Deceased,Diagnosis,Glomerulonephritis,2007,94.8
90 days,Deceased,Diagnosis,Glomerulonephritis,2008,95.6
90 days,Deceased,Diagnosis,Glomerulonephritis,2009,95.3
90 days,Deceased,Diagnosis,Glomerulonephritis,2010,95.5
90 days,Deceased,Diagnosis,Glomerulonephritis,2011,96
90 days,Deceased,Diagnosis,Glomerulonephritis,2012,96.5
90 days,Deceased,Diagnosis,Other cause,1996,90.2
90 days,Deceased,Diagnosis,Other cause,1997,92.4
90 days,Deceased,Diagnosis,Other cause,1998,91.6
90 days,Deceased,Diagnosis,Other cause,1999,91.5
90 days,Deceased,Diagnosis,Other cause,2000,92.8
90 days,Deceased,Diagnosis,Other cause,2001,92.9
90 days,Deceased,Diagnosis,Other cause,2002,92.8
90 days,Deceased,Diagnosis,Other cause,2003,94.1
90 days,Deceased,Diagnosis,Other cause,2004,94.2
90 days,Deceased,Diagnosis,Other cause,2005,94.2
90 days,Deceased,Diagnosis,Other cause,2006,94.6
90 days,Deceased,Diagnosis,Other cause,2007,94.6
90 days,Deceased,Diagnosis,Other cause,2008,94.7
90 days,Deceased,Diagnosis,Other cause,2009,95.5
90 days,Deceased,Diagnosis,Other cause,2010,94.7
90 days,Deceased,Diagnosis,Other cause,2011,96.1
90 days,Deceased,Diagnosis,Other cause,2012,95.7
1 year,Deceased,Diagnosis,Diabetes,1996,84.9
1 year,Deceased,Diagnosis,Diabetes,1997,85
1 year,Deceased,Diagnosis,Diabetes,1998,85.6
1 year,Deceased,Diagnosis,Diabetes,1999,84.7
1 year,Deceased,Diagnosis,Diabetes,2000,84.9
1 year,Deceased,Diagnosis,Diabetes,2001,87.1
1 year,Deceased,Diagnosis,Diabetes,2002,85.9
1 year,Deceased,Diagnosis,Diabetes,2003,86.3
1 year,Deceased,Diagnosis,Diabetes,2004,86.1
1 year,Deceased,Diagnosis,Diabetes,2005,86.8
1 year,Deceased,Diagnosis,Diabetes,2006,86.6
1 year,Deceased,Diagnosis,Diabetes,2007,88.9
1 year,Deceased,Diagnosis,Diabetes,2008,88.3
1 year,Deceased,Diagnosis,Diabetes,2009,88.2
1 year,Deceased,Diagnosis,Diabetes,2010,89.3
1 year,Deceased,Diagnosis,Diabetes,2011,90.3
1 year,Deceased,Diagnosis,Diabetes,2012,91.7
1 year,Deceased,Diagnosis,Hypertension,1996,86.3
1 year,Deceased,Diagnosis,Hypertension,1997,85.7
1 year,Deceased,Diagnosis,Hypertension,1998,87.2
1 year,Deceased,Diagnosis,Hypertension,1999,86.4
1 year,Deceased,Diagnosis,Hypertension,2000,84.1
1 year,Deceased,Diagnosis,Hypertension,2001,85.9
1 year,Deceased,Diagnosis,Hypertension,2002,87
1 year,Deceased,Diagnosis,Hypertension,2003,87
1 year,Deceased,Diagnosis,Hypertension,2004,89.1
1 year,Deceased,Diagnosis,Hypertension,2005,88.2
1 year,Deceased,Diagnosis,Hypertension,2006,89.8
1 year,Deceased,Diagnosis,Hypertension,2007,90.1
1 year,Deceased,Diagnosis,Hypertension,2008,91.3
1 year,Deceased,Diagnosis,Hypertension,2009,90.3
1 year,Deceased,Diagnosis,Hypertension,2010,92.3
1 year,Deceased,Diagnosis,Hypertension,2011,93
1 year,Deceased,Diagnosis,Hypertension,2012,92
1 year,Deceased,Diagnosis,Glomerulonephritis,1996,85.5
1 year,Deceased,Diagnosis,Glomerulonephritis,1997,88.4
1 year,Deceased,Diagnosis,Glomerulonephritis,1998,88.4
1 year,Deceased,Diagnosis,Glomerulonephritis,1999,87.1
1 year,Deceased,Diagnosis,Glomerulonephritis,2000,88.2
1 year,Deceased,Diagnosis,Glomerulonephritis,2001,89.4
1 year,Deceased,Diagnosis,Glomerulonephritis,2002,89.4
1 year,Deceased,Diagnosis,Glomerulonephritis,2003,88.6
1 year,Deceased,Diagnosis,Glomerulonephritis,2004,89.6
1 year,Deceased,Diagnosis,Glomerulonephritis,2005,89.6
1 year,Deceased,Diagnosis,Glomerulonephritis,2006,90.5
1 year,Deceased,Diagnosis,Glomerulonephritis,2007,91.1
1 year,Deceased,Diagnosis,Glomerulonephritis,2008,92.2
1 year,Deceased,Diagnosis,Glomerulonephritis,2009,91.9
1 year,Deceased,Diagnosis,Glomerulonephritis,2010,92.6
1 year,Deceased,Diagnosis,Glomerulonephritis,2011,93.4
1 year,Deceased,Diagnosis,Glomerulonephritis,2012,93.4
1 year,Deceased,Diagnosis,Other cause,1996,86.2
1 year,Deceased,Diagnosis,Other cause,1997,88.6
1 year,Deceased,Diagnosis,Other cause,1998,87.4
1 year,Deceased,Diagnosis,Other cause,1999,87
1 year,Deceased,Diagnosis,Other cause,2000,89.1
1 year,Deceased,Diagnosis,Other cause,2001,88.3
1 year,Deceased,Diagnosis,Other cause,2002,88.5
1 year,Deceased,Diagnosis,Other cause,2003,89.9
1 year,Deceased,Diagnosis,Other cause,2004,90
1 year,Deceased,Diagnosis,Other cause,2005,90.1
1 year,Deceased,Diagnosis,Other cause,2006,90.6
1 year,Deceased,Diagnosis,Other cause,2007,91.2
1 year,Deceased,Diagnosis,Other cause,2008,90.9
1 year,Deceased,Diagnosis,Other cause,2009,92.3
1 year,Deceased,Diagnosis,Other cause,2010,90.6
1 year,Deceased,Diagnosis,Other cause,2011,93.3
1 year,Deceased,Diagnosis,Other cause,2012,92.6
90 days,Deceased,Sex,Male,1996,90.5
90 days,Deceased,Sex,Male,1997,92.7
90 days,Deceased,Sex,Male,1998,92
90 days,Deceased,Sex,Male,1999,92
90 days,Deceased,Sex,Male,2000,92.5
90 days,Deceased,Sex,Male,2001,92.4
90 days,Deceased,Sex,Male,2002,92.4
90 days,Deceased,Sex,Male,2003,92.8
90 days,Deceased,Sex,Male,2004,93.3
90 days,Deceased,Sex,Male,2005,93.4
90 days,Deceased,Sex,Male,2006,93.5
90 days,Deceased,Sex,Male,2007,94.6
90 days,Deceased,Sex,Male,2008,94.4
90 days,Deceased,Sex,Male,2009,94.7
90 days,Deceased,Sex,Male,2010,95
90 days,Deceased,Sex,Male,2011,95.4
90 days,Deceased,Sex,Male,2012,95.7
90 days,Deceased,Sex,Female,1996,90.8
90 days,Deceased,Sex,Female,1997,90.7
90 days,Deceased,Sex,Female,1998,91.8
90 days,Deceased,Sex,Female,1999,90.9
90 days,Deceased,Sex,Female,2000,91.3
90 days,Deceased,Sex,Female,2001,93
90 days,Deceased,Sex,Female,2002,92.6
90 days,Deceased,Sex,Female,2003,93.4
90 days,Deceased,Sex,Female,2004,93.4
90 days,Deceased,Sex,Female,2005,93.7
90 days,Deceased,Sex,Female,2006,94.5
90 days,Deceased,Sex,Female,2007,94.3
90 days,Deceased,Sex,Female,2008,94.8
90 days,Deceased,Sex,Female,2009,94.8
90 days,Deceased,Sex,Female,2010,94.4
90 days,Deceased,Sex,Female,2011,95.6
90 days,Deceased,Sex,Female,2012,95.8
1 year,Deceased,Sex,Male,1996,85.5
1 year,Deceased,Sex,Male,1997,87.5
1 year,Deceased,Sex,Male,1998,87
1 year,Deceased,Sex,Male,1999,86.4
1 year,Deceased,Sex,Male,2000,86.8
1 year,Deceased,Sex,Male,2001,87.4
1 year,Deceased,Sex,Male,2002,87.2
1 year,Deceased,Sex,Male,2003,87.4
1 year,Deceased,Sex,Male,2004,88
1 year,Deceased,Sex,Male,2005,88.3
1 year,Deceased,Sex,Male,2006,88.6
1 year,Deceased,Sex,Male,2007,90
1 year,Deceased,Sex,Male,2008,90.2
1 year,Deceased,Sex,Male,2009,90.3
1 year,Deceased,Sex,Male,2010,91.2
1 year,Deceased,Sex,Male,2011,92.2
1 year,Deceased,Sex,Male,2012,92.4
1 year,Deceased,Sex,Female,1996,85.9
1 year,Deceased,Sex,Female,1997,86.4
1 year,Deceased,Sex,Female,1998,87.4
1 year,Deceased,Sex,Female,1999,86.1
1 year,Deceased,Sex,Female,2000,86.7
1 year,Deceased,Sex,Female,2001,88.3
1 year,Deceased,Sex,Female,2002,88.4
1 year,Deceased,Sex,Female,2003,88.8
1 year,Deceased,Sex,Female,2004,89.3
1 year,Deceased,Sex,Female,2005,89.1
1 year,Deceased,Sex,Female,2006,90.2
1 year,Deceased,Sex,Female,2007,90.7
1 year,Deceased,Sex,Female,2008,90.9
1 year,Deceased,Sex,Female,2009,90.9
1 year,Deceased,Sex,Female,2010,90.7
1 year,Deceased,Sex,Female,2011,92.6
1 year,Deceased,Sex,Female,2012,92.3
90 days,Deceased,Transplants,First transplant,1996,90.9
90 days,Deceased,Transplants,First transplant,1997,92.4
90 days,Deceased,Transplants,First transplant,1998,92
90 days,Deceased,Transplants,First transplant,1999,91.8
90 days,Deceased,Transplants,First transplant,2000,92.3
90 days,Deceased,Transplants,First transplant,2001,92.9
90 days,Deceased,Transplants,First transplant,2002,92.5
90 days,Deceased,Transplants,First transplant,2003,93.3
90 days,Deceased,Transplants,First transplant,2004,93.7
90 days,Deceased,Transplants,First transplant,2005,93.9
90 days,Deceased,Transplants,First transplant,2006,94.1
90 days,Deceased,Transplants,First transplant,2007,94.6
90 days,Deceased,Transplants,First transplant,2008,94.8
90 days,Deceased,Transplants,First transplant,2009,94.9
90 days,Deceased,Transplants,First transplant,2010,94.9
90 days,Deceased,Transplants,First transplant,2011,95.6
90 days,Deceased,Transplants,First transplant,2012,95.8
90 days,Deceased,Transplants,Subsequent transplants,1996,88.4
90 days,Deceased,Transplants,Subsequent transplants,1997,88.8
90 days,Deceased,Transplants,Subsequent transplants,1998,91.1
90 days,Deceased,Transplants,Subsequent transplants,1999,90.1
90 days,Deceased,Transplants,Subsequent transplants,2000,90.3
90 days,Deceased,Transplants,Subsequent transplants,2001,91.1
90 days,Deceased,Transplants,Subsequent transplants,2002,92.4
90 days,Deceased,Transplants,Subsequent transplants,2003,91.2
90 days,Deceased,Transplants,Subsequent transplants,2004,91.1
90 days,Deceased,Transplants,Subsequent transplants,2005,90.9
90 days,Deceased,Transplants,Subsequent transplants,2006,92.7
90 days,Deceased,Transplants,Subsequent transplants,2007,93.6
90 days,Deceased,Transplants,Subsequent transplants,2008,92.6
90 days,Deceased,Transplants,Subsequent transplants,2009,93.7
90 days,Deceased,Transplants,Subsequent transplants,2010,94.1
90 days,Deceased,Transplants,Subsequent transplants,2011,94.7
90 days,Deceased,Transplants,Subsequent transplants,2012,95.1
1 year,Deceased,Transplants,First transplant,1996,86
1 year,Deceased,Transplants,First transplant,1997,87.4
1 year,Deceased,Transplants,First transplant,1998,87.3
1 year,Deceased,Transplants,First transplant,1999,86.6
1 year,Deceased,Transplants,First transplant,2000,87
1 year,Deceased,Transplants,First transplant,2001,88.2
1 year,Deceased,Transplants,First transplant,2002,87.6
1 year,Deceased,Transplants,First transplant,2003,88.4
1 year,Deceased,Transplants,First transplant,2004,88.9
1 year,Deceased,Transplants,First transplant,2005,88.8
1 year,Deceased,Transplants,First transplant,2006,89.5
1 year,Deceased,Transplants,First transplant,2007,90.4
1 year,Deceased,Transplants,First transplant,2008,91
1 year,Deceased,Transplants,First transplant,2009,90.6
1 year,Deceased,Transplants,First transplant,2010,91.2
1 year,Deceased,Transplants,First transplant,2011,92.5
1 year,Deceased,Transplants,First transplant,2012,92.5
1 year,Deceased,Transplants,Subsequent transplants,1996,83.9
1 year,Deceased,Transplants,Subsequent transplants,1997,84.8
1 year,Deceased,Transplants,Subsequent transplants,1998,86
1 year,Deceased,Transplants,Subsequent transplants,1999,84.5
1 year,Deceased,Transplants,Subsequent transplants,2000,85
1 year,Deceased,Transplants,Subsequent transplants,2001,85.3
1 year,Deceased,Transplants,Subsequent transplants,2002,88.2
1 year,Deceased,Transplants,Subsequent transplants,2003,84.8
1 year,Deceased,Transplants,Subsequent transplants,2004,85.8
1 year,Deceased,Transplants,Subsequent transplants,2005,86.7
1 year,Deceased,Transplants,Subsequent transplants,2006,87.2
1 year,Deceased,Transplants,Subsequent transplants,2007,88.8
1 year,Deceased,Transplants,Subsequent transplants,2008,86.7
1 year,Deceased,Transplants,Subsequent transplants,2009,89.7
1 year,Deceased,Transplants,Subsequent transplants,2010,89.3
1 year,Deceased,Transplants,Subsequent transplants,2011,91.1
1 year,Deceased,Transplants,Subsequent transplants,2012,91.2
90 days,Deceased,All,All,1996,90.6
90 days,Deceased,All,All,1997,91.9
90 days,Deceased,All,All,1998,91.9
90 days,Deceased,All,All,1999,91.6
90 days,Deceased,All,All,2000,92
90 days,Deceased,All,All,2001,92.7
90 days,Deceased,All,All,2002,92.5
90 days,Deceased,All,All,2003,93.1
90 days,Deceased,All,All,2004,93.3
90 days,Deceased,All,All,2005,93.5
90 days,Deceased,All,All,2006,93.9
90 days,Deceased,All,All,2007,94.5
90 days,Deceased,All,All,2008,94.5
90 days,Deceased,All,All,2009,94.7
90 days,Deceased,All,All,2010,94.8
90 days,Deceased,All,All,2011,95.5
90 days,Deceased,All,All,2012,95.8
1 year,Deceased,All,All,1996,85.7
1 year,Deceased,All,All,1997,87.1
1 year,Deceased,All,All,1998,87.2
1 year,Deceased,All,All,1999,86.3
1 year,Deceased,All,All,2000,86.8
1 year,Deceased,All,All,2001,87.8
1 year,Deceased,All,All,2002,87.7
1 year,Deceased,All,All,2003,87.9
1 year,Deceased,All,All,2004,88.5
1 year,Deceased,All,All,2005,88.6
1 year,Deceased,All,All,2006,89.2
1 year,Deceased,All,All,2007,90.3
1 year,Deceased,All,All,2008,90.5
1 year,Deceased,All,All,2009,90.5
1 year,Deceased,All,All,2010,91
1 year,Deceased,All,All,2011,92.4
1 year,Deceased,All,All,2012,92.4
